id,profit
5195,6.345489025115967
6540,5.109800815582275
3606,-13.190386772155762
8514,3.287480115890503
6893,8.197975158691406
1936,-18.488697052001953
1593,-13.977779388427734
8245,23.608816146850586
4178,-54.571285247802734
3369,9.538396835327148
5672,21.26969337463379
2238,6.930509090423584
4681,2.336848020553589
1340,-304.13970947265625
8973,1.8502647876739502
8153,53.33338165283203
6162,8.160760879516602
7671,1709.6895751953125
1506,97.07831573486328
2606,-24.66322898864746
8515,33.3354606628418
2373,-45.877410888671875
8749,-0.432011216878891
8065,-19.163902282714844
634,-13.394726753234863
6431,167.19326782226562
9867,5.890007972717285
4724,11.02206039428711
6604,6.336475849151611
2870,-12.880135536193848
6519,11.104415893554688
9438,7.255551815032959
1333,28.208789825439453
138,52.23347473144531
3265,38.619110107421875
8121,5.433579444885254
8082,41.73252487182617
690,-1419.9736328125
4321,8.131150245666504
2980,1.247695803642273
6667,1134.7933349609375
870,6.917945384979248
150,67.87889099121094
2372,33.78248977661133
216,3.676860809326172
3558,-6.968044757843018
4473,3.0219476222991943
8085,57.60807418823242
8769,4.440066337585449
9182,278.0115966796875
4582,11.10573959350586
3867,135.9696807861328
7818,17.426916122436523
6693,86.1347427368164
7197,-2.9967875480651855
285,-55.404117584228516
1196,6.126570224761963
355,-19.600318908691406
3765,530.5496826171875
8511,-26.134960174560547
2056,9.877896308898926
6241,2.54205322265625
654,2.696183443069458
5485,4.405154705047607
133,9.743186950683594
927,456.2625427246094
670,-4.380271911621094
6310,-295.6791076660156
5047,201.86148071289062
59,27.53137969970703
1030,11.876727104187012
933,-17.825590133666992
6244,0.32103094458580017
2493,5.356382369995117
3981,10.396912574768066
5518,3.4412472248077393
1900,52.84349060058594
8182,34.62602996826172
3562,55.50632858276367
966,4.258800983428955
9328,-134.05288696289062
9562,6.206417083740234
7212,3.2460625171661377
1453,21.066070556640625
455,-7.576127529144287
8391,27.768964767456055
2361,3.058082342147827
8089,2.766834020614624
9459,0.03550029546022415
9168,20.965530395507812
5615,-485.2334289550781
6116,90.7243423461914
8483,59.930259704589844
1063,13.561808586120605
1541,1.3073571920394897
1930,-0.026277653872966766
5946,31.259750366210938
1919,-43.23044204711914
9960,5.772731304168701
12,16.945322036743164
8200,61.02375411987305
1972,4.236457824707031
6069,-0.20599327981472015
9514,6.935001373291016
3605,-22.953214645385742
2065,46.23153305053711
4602,2.4359676837921143
5640,-6.602230548858643
6387,7.561795711517334
643,-61.57079315185547
577,20.027742385864258
5986,5.432770252227783
9429,0.5937381386756897
4816,1.227891206741333
8014,23.588197708129883
6691,29.19736671447754
4260,84.07452392578125
4932,7.970569133758545
9952,71.38507843017578
5423,2.5306413173675537
153,16.72470474243164
2898,77.19315338134766
710,7.956397533416748
6995,-25.611713409423828
8389,5.039144992828369
4975,12.04261589050293
4208,0.5763576626777649
4967,6.923332691192627
7831,-0.6548454165458679
8338,-5.678140640258789
5556,-4.63885498046875
567,-17.618364334106445
7201,2.2609336376190186
8994,11.832014083862305
8979,18.316953659057617
7978,20.202966690063477
5463,-2.391956090927124
6064,40.42210006713867
9359,-1.744367003440857
2347,12.653387069702148
1629,197.8389892578125
6625,3.891000747680664
9475,40.83381271362305
8229,15.731023788452148
5684,1.934753179550171
1982,3.5533511638641357
7683,110.3275375366211
2295,-103.9281234741211
1497,47.67667770385742
9907,-1.822657823562622
7397,-22.68288230895996
8955,-23.77297019958496
6308,-2.652127504348755
3489,61.18086242675781
2726,-6.5161919593811035
903,162.4998779296875
802,307.5238342285156
1789,2.203721523284912
6416,9.400733947753906
8660,5.433579444885254
6373,1.6805143356323242
4771,-3.4682486057281494
7994,27.95404815673828
7851,10.904751777648926
782,-218.8257293701172
4498,5.781339168548584
1261,10.426948547363281
8222,33.34131622314453
3546,3.577915668487549
1114,22.184825897216797
862,-4.342373847961426
9309,5.472215175628662
2395,39.31595993041992
876,17.83681869506836
6238,10.831178665161133
1330,-11.72564697265625
7655,-6.444398403167725
9517,3.0383598804473877
6246,-32.6776237487793
5603,4.092960357666016
5700,23.049203872680664
6795,-54.43917465209961
7749,-6.878941059112549
8638,-0.1982424557209015
322,-38.47918701171875
198,5.003189563751221
1125,6.979066848754883
4052,-48.002803802490234
8944,-17.3179874420166
1147,-126.6314926147461
2532,17.73226547241211
4109,89.74021911621094
9163,15.037205696105957
6227,-0.4653995931148529
1524,250.01026916503906
9787,17.5750675201416
4168,-89.25170135498047
6766,70.9076156616211
3350,36.67869186401367
4192,-7.863288402557373
7808,-7.0974650382995605
2289,-284.6073913574219
8962,1.2394719123840332
2854,-16.866554260253906
9410,20.974462509155273
469,-29.35146141052246
8772,3.861699342727661
7988,2.7642579078674316
2650,11.359648704528809
6087,-0.26094549894332886
4819,15.816438674926758
1772,3.70763897895813
3278,236.34312438964844
1968,-0.4519919157028198
8207,5.7735209465026855
8456,-4.452368259429932
7439,-11.7999849319458
2202,-416.67889404296875
6951,0.3784874379634857
4634,-3.0591354370117188
4085,-9.824418067932129
2351,6.30121374130249
3615,10.368946075439453
2456,2.5571820735931396
2933,-196.60708618164062
7330,62.42294692993164
2275,4.012657165527344
3861,4.204905033111572
951,8.415403366088867
5032,-62.8676643371582
2682,71.78878021240234
2727,25.92409896850586
4199,6.17248010635376
7139,-136.9543914794922
3530,443.80816650390625
7137,1.8537214994430542
2259,14.72434139251709
336,-61.461509704589844
5222,-8.153310775756836
3995,271.4669494628906
8492,1.2414199113845825
623,-37.962772369384766
3180,-29.344907760620117
7019,17.168333053588867
7497,-5.094904899597168
6936,8.451491355895996
6884,6.796328067779541
2959,28.973064422607422
3247,1.5269213914871216
1535,5.656957149505615
3899,-103.48944091796875
4850,0.762467622756958
4367,39.93987274169922
725,-3121.662353515625
7325,40.00173568725586
6737,-131.85650634765625
3523,3.5003085136413574
3708,-22.26374053955078
9756,-87.52384948730469
4165,14.354090690612793
4561,18.60590171813965
9538,4.56685733795166
6126,-11.600493431091309
7643,8.936834335327148
6913,-0.9074071049690247
6978,1.6258207559585571
9715,3.558833122253418
2783,-5.567333698272705
3971,-190.1566925048828
8372,-16.15728187561035
7666,2.800096035003662
5829,139.16224670410156
8771,63.95021057128906
4271,2.0629563331604004
5285,0.06652536243200302
4566,-47.111209869384766
8431,12.895978927612305
8921,2.7606277465820312
6195,0.5613085627555847
8134,1.9921081066131592
4827,52.79127883911133
5371,5.979437351226807
6352,5.454302787780762
8574,4.7058796882629395
9373,38.192562103271484
4983,316.3951110839844
6511,15.927122116088867
9741,-42.731082916259766
9833,7.994760513305664
8295,-21.864233016967773
5877,130.33103942871094
3281,-44.55485534667969
2533,-0.6421777009963989
3124,11.70845890045166
8158,15.119447708129883
8789,5.0306396484375
6637,3.4055263996124268
8320,-11.846456527709961
3675,11.588655471801758
7320,66.687774658203125
940,5.335238456726074
7302,19.027042388916016
3641,23.187320709228516
9680,6.372535228729248
586,2.6383697986602783
5209,2.009451389312744
9063,-3.948906898498535
8972,3.6875832080841064
146,49.37383270263672
4987,10.111920356750488
295,0.5612789392471313
2424,178.12864685058594
2982,-0.5699118971824646
2371,2.2470898628234863
5666,5.645371437072754
9138,5.585790634155273
6924,1.2579680681228638
9357,6.723155975341797
8963,1.5849686861038208
5282,-97.37687683105469
8721,58.302398681640625
5750,-2.589939594268799
649,100.90805053710938
3427,6.217879772186279
7494,2.181981086730957
2648,-50.915950775146484
3942,59.67377853393555
6512,30.746706008911133
6289,52.94527053833008
4545,-9.530477523803711
5204,-122.27918243408203
1643,6.353968620300293
9132,11.430270195007324
4106,-19.13188362121582
4438,-10.038810729980469
131,-60.61893081665039
4880,5.258782386779785
5798,48.06613540649414
4229,8.132340431213379
4700,61.805538177490234
1172,0.13498617708683014
9336,71.18863677978516
160,13.872350692749023
6720,4.299942493438721
693,405.7313232421875
7857,-280.4296875
3271,-3.085137367248535
8559,7.859790325164795
8012,302.43341064453125
5491,0.7774614095687866
9244,7.091367244720459
5908,2.6856839656829834
7449,8.906323432922363
5652,-239.05552673339844
3304,2.3424465656280518
8728,3.738166332244873
8906,2.9227004051208496
4572,-5.168045997619629
5787,-51.238834381103516
3080,-4.657464504241943
2642,18.430408477783203
9581,0.4856390655040741
8562,41.37525939941406
6873,7.086869716644287
1341,4.889204978942871
5179,36.70011901855469
9209,8.527705192565918
5157,-1.136763095855713
6535,6.378359794616699
2458,77.00537109375
2481,82.07013702392578
1187,9.727075576782227
6970,-8.991394996643066
180,17.001672744750977
7645,-11.697468757629395
8829,-2.9549472332000732
8249,5.043306350708008
3818,34.716461181640625
7663,-156.29995727539062
6306,13.210807800292969
9134,1.0101664066314697
6739,115.40336608886719
2036,0.7693036198616028
4800,21.634984970092773
7723,22.53192710876465
163,12.836973190307617
4920,3.135545492172241
9253,-6.93742036819458
5357,5.322766304016113
646,-48.275569915771484
9737,33.119407653808594
1445,13.276432037353516
281,-2.7064154148101807
2579,17.953868865966797
8203,-2.667959451675415
1612,-195.16604614257812
9755,8.354148864746094
6478,-7.264678955078125
9851,30.83413314819336
6114,14.391087532043457
4622,-0.3299684524536133
5332,21.173686981201172
6774,141.62889099121094
5484,8.13852310180664
3352,-1.2287347316741943
1284,4.762164115905762
3176,-6.135383605957031
9483,-0.12268655002117157
9759,5.512770652770996
1867,1.1819230318069458
5113,-7.038873672485352
5631,31.291088104248047
9224,35.16619110107422
6785,3.5111567974090576
9962,-71.16300201416016
7276,48.48193359375
9473,56.92265319824219
9799,-25.028459548950195
7096,3.938107967376709
5363,11.441224098205566
9987,-5.940508842468262
9831,5.87399959564209
4881,4.43818473815918
990,28.666303634643555
886,5.144662380218506
3592,10.3177490234375
8292,84.79267120361328
866,39.97563934326172
6712,7.970569133758545
4820,78.97984313964844
4599,4.636984348297119
8851,-889.16693115234375
9193,25.223241806030273
369,106.05565643310547
4783,10.95410442352295
3067,5.653891563415527
9269,1.9842554330825806
7422,-28.35940170288086
7589,5.297837734222412
3634,17.483461380004883
6296,-5.227970600128174
6958,9.142881393432617
3317,-2.5983948707580566
6990,-14.162723541259766
3401,-2.5891125202178955
329,2.0192952156066895
8208,-21.229427337646484
7798,22.747461318969727
2905,92.63384246826172
8147,36.031333923339844
2305,51.59300994873047
3728,20.482458114624023
9860,80.88700866699219
1139,-12.906615257263184
2404,19.3402156829834
6887,163.9881134033203
1238,-79.45780944824219
7903,202.09764099121094
5470,13.794953346252441
1773,2.846374273300171
9856,7.497186660766602
8818,0.0693797841668129
1895,21.59128761291504
855,117.13426971435547
5778,-19.59734535217285
3379,740.14422607421875
2140,-164.14076232910156
722,-44.431602478027344
9542,-5.144410133361816
937,4.590036392211914
8364,1.4563159942626953
5717,9.08765983581543
4894,4.088418483734131
2602,5.612645626068115
4185,9.9557342529296875
9221,70.62816619873047
2154,11.01190185546875
2108,1.1187779903411865
1026,3.6939759254455566
8324,8.537358283996582
1666,-51.52066421508789
8735,12.319296836853027
547,5.102550029754639
9263,5.39264440536499
5427,2.651524782180786
7030,20.26889991760254
28,1.1175453662872314
850,3.1106698513031006
8582,84.478729248046875
2105,4.73790168762207
3659,12.590493202209473
4900,18.174671173095703
2020,4.781844139099121
9501,80.4505615234375
2496,-2.621630907058716
2715,216.99168395996094
8992,-64.92640686035156
8613,13.78839111328125
4553,-53.45368194580078
2466,0.1426495462656021
8070,0.6552134156227112
8345,-168.26377868652344
4145,24.677627563476562
2166,5.3238325119018555
7873,2.9555141925811768
9819,0.6745928525924683
46,0.8246775269508362
8435,39.916629791259766
4725,85.29960632324219
5462,33.29458236694336
2304,21.059816360473633
1894,-32.44707107543945
2245,89.6992416381836
451,67.96208953857422
38,8.292421340942383
6885,4.395711421966553
6655,-0.3191297948360443
7853,2.905357599258423
1761,129.1458282470703
3703,4.7952728271484375
5145,-178.65478515625
7149,1.2259567975997925
7310,-5.65128231048584
2185,80.7951431274414
795,9.503547668457031
2811,89.401641845703125
4218,-1.5880022048950195
8618,-5.056635856628418
3268,35.61964416503906
5408,7.402977466583252
9041,-19.200420379638672
1720,-62.41458511352539
5815,9.3436279296875
50,14.611492156982422
4756,4.0222673416137695
5111,10.616203308105469
6186,4.2794108390808105
8480,4.107107162475586
5716,12.5035400390625
9107,47.647911071777344
9958,-18.82443618774414
4941,46.43000793457031
9028,112.07232666015625
3097,-4.280788898468018
6882,7.441056728363037
6791,3.8782880306243896
7865,1.0540809631347656
6175,3.024622917175293
1090,14.610692024230957
1016,4.7941484451293945
3815,268.4084777832031
137,-124.59033966064453
505,627.7838134765625
4080,-64.11248016357422
3375,35.511531829833984
9800,217.67843627929688
19,1.2159801721572876
9724,2.1428897380828857
1571,-72.30769348144531
4276,9.599822044372559
4046,3.2904372215270996
7125,-24.690677642822266
4019,266.8792419433594
2954,-5.474446773529053
4041,3.226422071456909
9882,8.561598777770996
9285,12.615983963012695
5977,85.23096466064453
2208,11.063433647155762
5675,0.5296280384063721
6938,-17.167348861694336
4237,9.084761619567871
9059,7.348828315734863
3231,-5.002325534820557
6295,-24.121234893798828
2645,42.86455535888672
9775,49.71589279174805
9610,9.269124031066895
9276,-16.665998458862305
6285,-237.137939453125
6601,21.58262062072754
3125,14.829845428466797
7216,149.2372283935547
3028,106.75491333007812
3316,-10.69842529296875
4164,28.59667205810547
9082,2.8504462242126465
2876,11.860687255859375
7002,-16.739421844482422
3164,32.29460906982422
6837,15.008804321289062
6742,14.578558921813965
6564,7681.19287109375
7696,628.52642822265625
1222,1.8534740209579468
3672,1.372445821762085
1075,5.9094390869140625
3775,9.889069557189941
5528,38.35235595703125
5158,33.03091049194336
4745,10.68262767791748
8360,8.5913724899292
539,1.6189460754394531
5435,0.8579161763191223
8855,-10.664053916931152
2847,379.28741455078125
4637,5.0687432289123535
3517,-3.498408317565918
4966,20.170827865600586
7592,4.514952659606934
6055,-0.16027623414993286
9594,14.702838897705078
9388,-0.05905155837535858
811,45.6567268371582
3274,164.41151428222656
8959,3.4125921726226807
2741,-68.8665542602539
8719,-2.4089784622192383
7832,6.291029930114746
1884,0.7402128577232361
5912,9.595454216003418
9439,0.5955223441123962
1981,329.7319030761719
524,2.41823148727417
8587,56.27191925048828
9659,19.880210876464844
4070,7.928524971008301
9288,57.66321563720703
2581,-4.74898099899292
4726,64.57713317871094
5438,-9.801685333251953
239,44.6346549987793
9105,-61.46958541870117
7869,5.200873374938965
8176,25.111265182495117
9684,-1963.2796630859375
8610,15.826481819152832
5340,7.339660167694092
9909,4.934752464294434
6314,30.71617317199707
2492,5.439280033111572
4600,43.63978576660156
1582,2.1634676456451416
7998,9.918702125549316
9825,-351.4589538574219
53,24.33516502380371
6846,5.4054765701293945
9345,3.6462998390197754
4356,2.9377996921539307
4302,6.505234718322754
399,3.957479238510132
1178,25.637502670288086
8980,4.258152484893799
3022,-13.741117477416992
2948,2.676036834716797
9582,-99.35078430175781
2386,-7.595053195953369
6456,33.253597259521484
9468,96.43401336669922
3308,75.17146301269531
3935,8.404787063598633
1235,18.925029754638672
540,4.586790561676025
3824,-1.0923091173171997
7152,11.488807678222656
9515,-5.316004276275635
1297,4.791232585906982
786,6.533145904541016
7098,2.5914199352264404
6796,-10.77192497253418
2400,16.27252960205078
7763,13.714451789855957
1450,5.825806617736816
3486,57.1169319152832
7286,501.78564453125
1668,2.941038131713867
7794,70.93316650390625
1013,1.1557013988494873
9126,0.8978320360183716
8924,14.035882949829102
5832,9.316117286682129
3155,1.1397712230682373
6212,5.574784755706787
9458,-18.017656326293945
4033,56.319061279296875
2611,1.9430651664733887
2416,50.50082778930664
6313,-0.1004510149359703
7942,5.034051895141602
972,265.7865295410156
3013,4.06741189956665
1082,5.343771457672119
6616,18.175806045532227
5215,23.112775802612305
2214,116.97651672363281
6650,-5.180720329284668
3224,3.6305556297302246
6392,7.133040428161621
6780,-5.746962070465088
6155,4.191836833953857
2688,-61.41756820678711
5807,6.790843963623047
9472,7.387105464935303
7849,3.5476715564727783
9260,620.41656494140625
9007,-3.8028311729431152
2749,0.7977906465530396
9988,-50.84015655517578
5361,0.4863291084766388
4833,56.15241241455078
4013,9.685341835021973
4312,39.196624755859375
7868,47.41117858886719
5764,-4.8741374015808105
8348,3.39609956741333
7192,3.759044647216797
2131,-34.694889068603516
7213,5.116823196411133
9826,43.92333984375
6405,28.61669921875
20,11.5557279586792
165,4.923475742340088
843,18.051557540893555
8892,16.543128967285156
784,62.03590393066406
9225,9.600114822387695
7391,7.471590042114258
5564,109.45765686035156
1446,10.781871795654297
7222,3.345081090927124
9141,3.5049526691436768
9491,16.363338470458984
4138,39.21865463256836
583,-10.464776992797852
4381,6.032316207885742
3762,-8.883039474487305
4111,10.826078414916992
5086,3.4155023097991943
6571,52.74418258666992
9573,9.284586906433105
7934,0.6348929405212402
1077,1.3393152952194214
9,56.051658630371094
4847,117.94912719726562
8718,-1.8459967374801636
4120,13.248736381530762
8318,4.197354316711426
213,25.231271743774414
3870,4.949002265930176
6812,3.596559524536133
429,1.4139823913574219
5495,2.2079648971557617
8989,-5.490238189697266
2116,12.628418922424316
2704,291.42132568359375
615,97.92588806152344
2303,14.280898094177246
5830,13.602193832397461
1072,-18.389860153198242
2332,3.5041146278381348
2423,-37.050106048583984
3205,7.098323822021484
5119,-9.6050872802734375
9656,23.619361877441406
639,128.7710418701172
5143,18.337778091430664
5069,8.383481979370117
2190,6.241083145141602
4249,2.719763994216919
2725,2.0093538761138916
3199,34.6599235534668
861,-1.0143014192581177
1389,23.08175277709961
2900,10.3743896484375
5613,-15.913411140441895
6225,4.855593204498291
9519,2.504054546356201
5648,36.179683685302734
9560,22.81915855407715
8281,13.077337265014648
1636,84.06953430175781
6807,16.970022201538086
6547,0.4314933121204376
6178,-1.7092339992523193
5987,184.15870666503906
2117,4.91653299331665
1113,-4.604276657104492
1437,-8.0287504196167
9750,126.34898376464844
8062,27.006139755249023
8433,13.164772033691406
7604,5.433579444885254
8712,4988.98876953125
5073,9.516044616699219
5331,-5.100351333618164
8393,-2.683908224105835
7977,3.5572614669799805
858,7.291133403778076
1246,-209.92279052734375
2601,2.0976076126098633
2031,12.205215454101562
6615,9.404362678527832
3384,-7.811761856079102
178,4.570315361022949
1688,-64.40283203125
6989,6.145841121673584
647,77.59246063232422
4705,3.5416224002838135
6210,0.42421674728393555
225,31.886438369750977
7056,72.09297180175781
8709,0.4926176071166992
1206,-1.7200376987457275
6278,-5.577179908752441
923,373.53082275390625
7032,14.325705528259277
7974,6.862380504608154
1931,-11.668351173400879
2254,6.407182693481445
6275,-0.020247502252459526
7557,16.220945358276367
7389,7.085281848907471
7620,10.22947883605957
8138,363.115966796875
1542,1.2317588329315186
794,42.7805061340332
4782,-0.26277509331703186
6113,73.26593017578125
298,4.606366157531738
9493,4.432511806488037
4787,2.542034149169922
1037,43.55812072753906
1575,70.25594329833984
8119,37.21221923828125
6457,-1.5854318141937256
2355,-35.77680206298828
6945,4.357381343841553
7443,8.487817764282227
2564,8.51143741607666
9682,6.644183158874512
1336,3.3958661556243896
3385,336.9821472167969
8296,-75.07495880126953
9240,2.434476137161255
3753,-17.03839874267578
3089,-2.101253032684326
3888,-3.085137367248535
6472,198.4546356201172
1633,-278.7086486816406
3447,1.9119386672973633
824,-16.724727630615234
1886,5.846890926361084
2457,36.790931701660156
7789,-91.31792449951172
3806,14.02597427368164
5546,-6.554928779602051
2605,-24.489246368408203
5870,42.78087615966797
3952,30.277387619018555
9413,34.10972595214844
4362,-409.3194274902344
4324,-56.37959671020508
4609,4.517733097076416
1528,157.712646484375
9463,28.197790145874023
3648,-128.08399963378906
9227,4.36604118347168
5494,10.249878883361816
7084,289.8623962402344
1743,-60.933738708496094
3571,-1559.7034912109375
6102,9.418088912963867
9032,9.094505310058594
45,6.580000877380371
5766,-43.931060791015625
2128,-5.7346062660217285
2701,158.37681579589844
7502,1.9943994283676147
2908,5.3371901512146
9241,69.66804504394531
4617,5.645371437072754
5576,3.012281894683838
8621,11.005903244018555
4447,1.850312352180481
8084,-4.58040189743042
3885,3.903364419937134
961,9.743430137634277
4918,14.918848991394043
100,4.357917785644531
8476,6.201240062713623
2508,-7.942433834075928
6829,50.786216735839844
6634,17.95090675354004
7579,1390.555908203125
1084,3.33479642868042
1438,-7.300818920135498
1173,0.49304836988449097
3642,3.1161513328552246
2126,-4.504167556762695
6782,-144.523193359375
9426,22.888771057128906
1250,19.579004287719727
2359,1.7137343883514404
4456,86.6607437133789
9101,4.05941915512085
9951,185.27508544921875
2633,71.463104248046875
3309,65.61058044433594
4005,-150.73727416992188
9421,37.70157241821289
7829,-4.543951988220215
5166,6.5933709144592285
4588,0.3787072002887726
5348,-152.88507080078125
3256,40.03217315673828
4320,1046.4783935546875
2675,2.375898838043213
5277,0.6607121825218201
2409,1.7182585000991821
8145,77.10612487792969
2479,5.584854602813721
5887,-38.12144088745117
3720,7.406609535217285
1955,53.08518981933594
2971,9.688834190368652
4226,6.442220687866211
6809,15.134620666503906
945,16.555383682250977
5800,-6.399479866027832
8074,5.3083391189575195
3699,12.056177139282227
1649,2.6088693141937256
3279,9.361969947814941
9530,6.153724193572998
7520,2.0650014877319336
9843,-19.548675537109375
2475,2.515817880630493
3236,3.2664880752563477
7109,-49.470394134521484
188,78.69664764404297
6541,12.431402206420898
125,5.403645038604736
438,1.0123684406280518
4691,1.4567300081253052
7136,3.6781363487243652
1731,-14.9505615234375
1321,24.13871192932129
2344,5.3607330322265625
3456,15.193239212036133
7260,46.44728088378906
655,-4.850458145141602
5718,-105.6392593383789
3922,16.81105613708496
1050,1.047499179840088
4162,7.72672176361084
2777,6.890169143676758
1741,142.630859375
2597,-144.523193359375
3892,-49.780818939208984
6781,-258.0881042480469
6438,18.130266189575195
1723,-29.00649642944336
9623,11.167125701904297
1382,3.3958511352539062
8956,41.17753601074219
4885,236.2679901123047
6821,19.982019424438477
4317,50.6688346862793
8128,-97.51204681396484
2463,-2.814422607421875
7241,11.553079605102539
7629,-79.66319274902344
6830,3.420114517211914
5520,11.05452823638916
9942,15.076107025146484
3302,3.2199978828430176
5154,10.815685272216797
4286,2.2311160564422607
2389,14.572629928588867
8661,267.5200500488281
8606,-165.0173797607422
9521,16.062217712402344
4923,3.6879780292510986
2786,-55.65267562866211
5060,-472.156005859375
321,-422.3034362792969
9321,-2.417041301727295
4662,15.028571128845215
1711,2.4959683418273926
8216,25.449718475341797
1185,51.08895492553711
2672,52.75337219238281
6104,33.935726165771484
4319,-6.8834428787231445
7227,-7.68588924407959
503,9.444977760314941
5804,54.178260803222656
8022,-44.794288635253906
2015,1.347995638847351
65,3.3454835414886475
7419,5.052740573883057
6471,10.718815803527832
4210,21.69314193725586
4861,3.11578369140625
9018,-4.58001184463501
3000,7.197298049926758
1032,35.88903045654297
5942,5.448171138763428
5172,5.429714202880859
4063,-14.992600440979004
2555,4.613456726074219
4089,206.22348022460938
8813,19.83808135986328
7070,-1.5394618511199951
4191,25.06521224975586
7249,17.02069091796875
8601,19.438501358032227
1396,14.068325996398926
1328,-10.284452438354492
1868,22.32254409790039
5891,7.448817729949951
2970,11.006720542907715
5344,6.360079288482666
33,0.02552209235727787
4267,54.35519027709961
5559,43.25965118408203
6518,8.1481170654296875
4247,-1247.471435546875
8304,-30.539546966552734
5084,19.309585571289062
2893,2.627058982849121
4667,-38.47427749633789
1742,2.124910831451416
4087,0.5032679438591003
8871,33.346553802490234
1802,4.911161422729492
5278,12.197515487670898
4300,131.6214599609375
3024,3.8964648246765137
7396,3.4057822227478027
1813,7.896415710449219
2994,-16.477827072143555
2807,-8.412781715393066
4240,-36.5830078125
3197,-2.9149019718170166
2708,-60.740909576416016
2958,29.376270294189453
8032,18.64653205871582
5587,1.894172191619873
2219,16.917404174804688
3580,7.867153644561768
7159,4.7889533042907715
430,-51.55447006225586
1074,-428.1366271972656
8277,21.196495056152344
955,-23.789079666137695
3037,2.959707260131836
8951,19.617631912231445
4640,-22.193668365478516
8636,11.646659851074219
2619,5.533432483673096
6094,40.558353424072266
2488,51.72483444213867
4108,1.4780117273330688
3873,-4.80759859085083
3092,1.4639010429382324
4062,9.034847259521484
3519,-2.1019692420959473
6793,1.455634593963623
7711,26.042264938354492
815,-42.521270751953125
1959,-19.899850845336914
7132,67.5119857788086
8489,48.619380950927734
1646,24.984905242919922
3940,2.547063112258911
3630,37.262203216552734
7909,1.8897572755813599
7923,-760.11907958984375
4573,17.885461807250977
74,-184.19931030273438
6937,37.773658752441406
5127,135.14871215820312
8584,4.999312877655029
3238,4.6802802085876465
7174,88.89668273925781
5592,5.323665142059326
7284,10.603514671325684
9966,-793.59356689453125
7759,1.411116123199463
2164,-46.394893646240234
2500,6.462937831878662
2101,-9.351238250732422
2788,-41.18745803833008
4526,-1692.8975830078125
2897,8.048835754394531
7779,6.717600345611572
9179,3.456888198852539
4243,24.272171020507812
8745,-30.921875
3113,-51.79994201660156
6334,24.449907302856445
2843,19.062074661254883
6959,0.21961592137813568
6249,12.021292686462402
9989,18.41204071044922
1908,2.7760403156280518
2989,302.6136474609375
1677,7.673692226409912
3214,1.003899335861206
9604,53.6154670715332
5334,5.4257988929748535
5286,0.603164553642273
2335,-2.3056840896606445
4212,9.429457664489746
2480,24.082944869995117
9526,8.544191360473633
4004,8.523615837097168
2073,44.42753601074219
4129,0.42421674728393555
857,65.478546142578125
2720,122.4139175415039
6803,7.00914192199707
9853,257.4981689453125
8498,29.521038055419922
4440,10.136751174926758
8388,10.994482040405273
7764,-63.54176712036133
6468,78.58183288574219
1331,14.312214851379395
147,10.446076393127441
4296,2.8187382221221924
3117,-40.052818298339844
5325,4.220305442810059
1607,11.350032806396484
783,3.7886760234832764
4327,3.4399659633636475
779,41.939964294433594
6700,-130.1073760986328
5955,-269.0607604980469
128,0.30396273732185364
40,-114.58544158935547
5291,17.388978958129883
3584,4.464738845825195
4399,24.318626403808594
323,-702.30218505859375
5393,30.62504768371582
2863,-47.80418014526367
3223,11.55573558807373
2632,-204.8064422607422
3900,8.7094144821167
9060,48.832698822021484
2640,51.836456298828125
6059,2.3506457805633545
9914,4.450495719909668
7793,20.563966751098633
3034,2.817247152328491
8040,3.796926498413086
1044,-6.3203558921813965
9054,3.4057822227478027
7313,5.024318695068359
487,24.893901824951172
5737,-19.163902282714844
5188,36.43608093261719
7005,202.38919067382812
6740,1.6707429885864258
8627,-0.03922780230641365
6495,1.9087762832641602
7931,25.027790069580078
9312,8.049715042114258
6446,24.419694900512695
3646,33.81282424926758
3212,-17.8753604888916
1992,21.594602584838867
3785,40.0567512512207
9504,5.086239814758301
5454,5.026837348937988
5037,537.00030517578125
484,20.90458106994629
9324,6.4286065101623535
9897,-7.752254962921143
9326,-69.33903503417969
7372,9.91878604888916
6688,8.611067771911621
272,2.1813268661499023
6,-2.6212074756622314
7526,1.259466528892517
1108,1.9338326454162598
5298,10.9542236328125
6826,10.655524253845215
5504,46.485530853271484
2988,1.8577371835708618
911,1.5432887077331543
2805,1.3111497163772583
1159,21.59128761291504
905,-221.2367706298828
8007,5.312053203582764
4902,-27.083003997802734
4552,0.3837794065475464
4925,-6.621222972869873
4989,-2.359626531600952
6236,-0.24129997193813324
267,-37.81519317626953
1056,-2.9635496139526367
1462,-7.214822769165039
1798,1.6275938749313354
9393,7.838669300079346
6589,1.3396415710449219
7850,5.3167619705200195
3854,15.941442489624023
3102,-32.025428771972656
2547,7.885837078094482
6343,10.43475341796875
5557,162.68679809570312
90,296.9295349121094
4358,9.325101852416992
8078,63.718441009521484
3822,10.623527526855469
4239,-1289.115234375
5814,135.66949462890625
483,56.226016998291016
3006,3.782860040664673
6088,0.8248080611228943
2637,1.8042842149734497
4855,-2.9012715816497803
1182,18.097299575805664
6081,12.436293601989746
4179,-218.3192901611328
5082,9.933609962463379
2976,15.107717514038086
7899,5.648143291473389
8748,10.389975547790527
7364,9.967087745666504
8517,2.497293472290039
7984,-4.276546955108643
1379,0.41919827461242676
8520,7.324681282043457
2476,10.412062644958496
436,6.17248010635376
1216,-4.486901760101318
4366,-87.8107681274414
8630,25.960342407226562
1644,1.4309121370315552
5155,-19.561105728149414
5884,-2.7054436206817627
9991,11.101605415344238
8088,448.08709716796875
9293,15.912001609802246
4100,15.468985557556152
8464,-24.964542388916016
8125,-56.88839340209961
8083,14.864877700805664
6926,42.34754943847656
9510,7.5702619552612305
9013,0.9871705174446106
5347,-1.147772192955017
4480,17.95682716369629
2374,7.8511643409729
2791,-6.905246257781982
4287,2.645918130874634
2272,1.394814372062683
6619,42.50383758544922
349,-1201.63525390625
9806,-367.9778747558594
3289,9.357932090759277
1737,93.24633026123047
1242,12.631987571716309
4439,80.257171630859375
7441,5.6975603103637695
9418,14.072990417480469
7445,9.240667343139648
2505,-40.599830627441406
5400,-17.336746215820312
7777,124.34384155273438
8306,-840.7965087890625
1879,4.925243377685547
7962,1.1067520380020142
7140,-12.055920600891113
6208,10.73686695098877
5096,-336.1942138671875
9494,13.230175018310547
5653,6.272596836090088
9152,4.389822959899902
5008,-3.448209285736084
3727,-40.91765594482422
6262,2.1809544563293457
2133,12.362388610839844
6600,21.95766830444336
7975,41.98754119873047
5643,0.5405104756355286
3040,14.924710273742676
2345,34.67573928833008
731,3.522366762161255
6669,0.730040967464447
2135,-20.448379516601562
3524,1.550615668296814
919,-16.074005126953125
9422,-31.622520446777344
9120,1.3687304258346558
5192,-2.577179431915283
3085,10.214759826660156
1221,-4.31016731262207
2931,5.213613986968994
8611,133.24496459960938
3858,0.7555838823318481
8740,6.9444169998168945
6048,36.06209945678711
9417,-147.5875701904297
2485,-99.67765808105469
4105,-31.768062591552734
2329,25.52094841003418
7581,5.265528202056885
8210,-100.18583679199219
2410,-4.784641742706299
1714,-18.7264347076416
3550,23.92922592163086
6850,32.76420211791992
7860,26.841712951660156
4811,3.3591504096984863
3653,2.2197842597961426
5727,-29.669408798217773
2840,153.5707550048828
9698,3.3815369606018066
3357,16.615283966064453
7437,9.08165168762207
5341,14.883668899536133
506,56.2746467590332
207,-15.990962982177734
8283,-27.37227439880371
2883,52.45506286621094
7757,3.2144508361816406
1858,-3.3190548419952393
2784,27.887144088745117
5683,37.28971481323242
8526,-139.86849975585938
7221,6.241485118865967
1496,-60.99406051635742
5469,11.092703819274902
199,-12.05333137512207
9607,32.76057434082031
2535,5.437648773193359
8021,34.21230697631836
3407,1073.0457763671875
9207,-5.056635856628418
7039,14.574418067932129
9662,-2.20664644241333
4014,-99.159271240234375
8854,35.72895812988281
2524,15.103270530700684
9419,9.722546577453613
1745,18.84274673461914
6626,16.501209259033203
7339,-5.605240821838379
7020,46.063594818115234
4,5.611688613891602
3165,5.002089023590088
5773,0.4173652231693268
4254,6.17248010635376
3088,73.76258850097656
5812,-109.69282531738281
6677,-5.964321136474609
8254,2.8293468952178955
4520,296.49652099609375
3850,-14.844894409179688
9884,-103.46806335449219
2501,-21.764551162719727
1829,993.86572265625
152,22.261783599853516
1156,42.64994430541992
4812,18.781051635742188
6583,14.249504089355469
9272,21.810091018676758
8238,-176.0943603515625
2647,4.025542259216309
7648,52.73674011230469
8264,9.616786003112793
6948,0.611531674861908
191,-319.15948486328125
5639,14.368683815002441
1175,-7.150323390960693
6469,10.491775512695312
947,5.0702033042907715
3441,11.47010326385498
6491,55.465877532958984
9004,-1.4001240730285645
5789,2.655722141265869
3070,4.828494071960449
9924,42.6452522277832
5058,12.006553649902344
2011,37.391937255859375
6769,4.8962321281433105
3253,0.9604288935661316
6151,3.827902317047119
7455,28.629545211791992
1556,6.907325744628906
3640,3.9060134887695312
5190,-4.778027057647705
8219,-10.775001525878906
3170,11.007699012756348
9237,-120.25018310546875
3445,14.796792030334473
9474,7.691319465637207
2677,-1.7303335666656494
1176,190.5172576904297
1482,4.64698600769043
9953,53.865787506103516
3781,18.688663482666016
7888,39.528350830078125
1563,0.5934793949127197
3963,9.036632537841797
2823,4.387748718261719
5513,1.7722904682159424
1915,21.20307159423828
426,-9.16230297088623
2182,-119.7338638305664
5448,-28.205318450927734
7060,0.8743866086006165
5949,-10.00462532043457
8419,10.121667861938477
8622,3.251221179962158
5688,22.011720657348633
7424,4.712794780731201
5099,-2.977217435836792
3010,219.27352905273438
4370,28.75656509399414
1015,-0.6997878551483154
4376,28.2685604095459
4733,-127.15966796875
291,4.503545761108398
9034,40.22781753540039
7603,3.8353447914123535
2731,19.808984756469727
2184,4.0955705642700195
5116,13.792757034301758
5905,1.4964581727981567
9021,2.973743438720703
9537,11.5678071975708
3707,39.25646209716797
9554,-24.585391998291016
4359,-1.7801686525344849
37,-3.192755699157715
2414,6.95552921295166
6605,58.358970642089844
3466,-56.45642852783203
2446,3.3718926906585693
7651,18.882471084594727
385,19.667146682739258
3303,-6.635139465332031
6620,78.04023742675781
4124,-0.7498107552528381
4420,66.36958312988281
4610,9.352205276489258
7038,55.20167922973633
9378,12.216373443603516
175,53.795345306396484
6696,4.203908920288086
2588,8.1308135986328125
8684,17.587831497192383
3480,172.63209533691406
4387,8.844590187072754
2298,7.384818077087402
311,-2.61405611038208
9310,10.528000831604004
1938,5.708842754364014
4547,4.513918876647949
8864,-34.02735900878906
6115,4.855168342590332
8154,2.763066530227661
734,-3.169661521911621
5308,39.65218734741211
5151,-16.628868103027344
1841,4.484992504119873
9031,30.351116180419922
7173,26.014080047607422
4742,5.028759479522705
9318,-23.330564498901367
1776,902.00445556640625
856,35.27986145019531
2257,-17.722951889038086
9772,-0.3604249656200409
7540,2.640925407409668
4652,2.3006155490875244
8081,5.659846305847168
7250,-111.35664367675781
4621,-16.588308334350586
6960,-6.144537925720215
9242,6.736726760864258
1454,47.43093490600586
9513,-2.8979485034942627
8024,-917.3609619140625
7457,9.79983901977539
5749,2.5969889163970947
5071,5.316175937652588
3452,3.6156904697418213
2763,51.34075927734375
2842,0.23172256350517273
9839,55.75096893310547
6932,1.5500710010528564
4951,-68.53353118896484
1423,24.66300392150879
755,106.66937255859375
2761,5.110589504241943
5968,2.1996676921844482
1326,-347.0486755371094
8953,258.90185546875
1181,-39.3858757019043
7326,36.758522033691406
2658,5.099360942840576
4099,50.92176818847656
3604,23.67473602294922
6476,3.8898355960845947
6084,14.758333206176758
3416,1.5900044441223145
3645,-2.589939594268799
2717,30.103296279907227
4990,-9.8176422119140625
6673,4.057941913604736
5545,15.058732032775879
1468,11.528716087341309
8059,189.73475646972656
996,-15.11970329284668
6459,14.156420707702637
8809,24.901424407958984
6205,-113.44988250732422
243,53.753639221191406
2059,71.351531982421875
4748,7.620528697967529
1811,4.785732746124268
9934,3.5758414268493652
8960,-5.74511194229126
4884,7.3411054611206055
1337,1162.881591796875
4892,4.618937015533447
9740,-113.2686996459961
335,-0.4439069330692291
6516,50.03377914428711
5907,-680.8983154296875
2220,2.5746469497680664
8250,1.5745136737823486
9540,19.395912170410156
9341,-29.089054107666016
2354,92.39752197265625
8484,1.8351984024047852
595,1.7365983724594116
2180,1.2971179485321045
5036,18.197589874267578
5703,-21.143390655517578
1929,1.0858683586120605
2571,22.94036102294922
864,1.1651983261108398
7074,22.14447021484375
4968,43.56949234008789
2698,-0.7131617665290833
1625,29.876850128173828
2236,-18.743865966796875
5777,-174.19578552246094
7587,380.5218505859375
222,6.627431392669678
7219,40.044830322265625
5808,8.146200180053711
3470,31.77134895324707
1954,55.217342376708984
6051,9.273131370544434
3671,3.1195027828216553
1316,1.4614142179489136
6567,0.5759654641151428
6603,-4.540724754333496
5780,32.446529388427734
7234,21.68254280090332
8557,-11.23582649230957
5026,-3.8595893383026123
5733,381.6786804199219
5690,37.15810012817383
2789,2.2400074005126953
4188,-180.41905212402344
1774,5.426965713500977
3248,-656.914306640625
1932,35.10220718383789
1433,12.221661567687988
4392,-97.023406982421875
3005,1.4670370817184448
1022,15.590185165405273
3168,3.3272297382354736
6544,6.57537841796875
2703,0.6954708099365234
2915,15.15605354309082
6683,0.7859249711036682
9817,81.51161193847656
5502,7.312735557556152
4768,-59.41111373901367
841,-76.197540283203125
5769,-96.109527587890625
4437,3.5084526538848877
1073,41.18186950683594
3121,3.8394460678100586
9900,2.001915454864502
3362,70.42127227783203
3965,-5.225024700164795
1548,10.600887298583984
6002,7.519290447235107
9524,-7.446188926696777
7693,8.192360877990723
7337,-8.581072807312012
2339,1.1775380373001099
6254,6.676807403564453
5028,6.737549304962158
851,18.00636100769043
5039,62.011844635009766
9346,1.1618539094924927
9181,-205.32481384277344
2923,41.33368682861328
9088,19.826618194580078
5161,7.056890964508057
8174,5.133190631866455
6367,-20.673511505126953
8478,-1.893924593925476
1783,28.485523223876953
3094,2.0582425594329834
3603,20.440113067626953
1555,-37.757164001464844
832,17.1685791015625
2664,-16.991228103637695
3477,45.98628234863281
4272,86.30254364013672
3914,-51.80624008178711
8880,11.137532234191895
3297,29.31365966796875
2435,4.127477169036865
1815,34.60455322265625
8033,-45.692134857177734
8328,20.06512451171875
4405,63.7694091796875
94,9.238312721252441
121,29.971433639526367
915,-5.311150074005127
2160,95.85103607177734
807,-11.27662467956543
733,5.382360935211182
9899,13.776554107666016
1207,5.955737113952637
9771,5.581482410430908
246,-0.6903716325759888
5321,47.59206771850586
3210,-2.686258316040039
2873,6.005173206329346
9266,13.640013694763184
4246,0.09080082923173904
6733,58.438175201416016
6584,5.595034599304199
1167,-3.880188465118408
8487,24.045236587524414
4669,5.000997543334961
7761,-3.21474289894104
2924,-8.889880180358887
2860,83.54261779785156
5221,-99.95594024658203
6345,875.89410400390625
5497,3.432858467102051
1700,-121.48361206054688
3717,752.31695556640625
7898,612.25335693359375
1823,-8.050023078918457
1385,48.66665267944336
2326,-1.9730414152145386
5511,39.0887451171875
7936,6.39796781539917
8673,7.60650634765625
3945,11.575793266296387
5410,-6.3363800048828125
6917,-17.618364334106445
6355,-376.53094482421875
4854,2.4950783252716064
9432,2.9135820865631104
8191,4.746382236480713
5845,-341.5394287109375
8846,-9.159951210021973
1788,27.420902252197266
2323,7.738520622253418
936,1.3251287937164307
978,-393.7500305175781
8344,-7.681992053985596
9598,0.029544757679104805
6194,3.523385763168335
387,1.695833683013916
9290,-50.83096694946289
3802,27.91105842590332
4687,-24.131017684936523
7126,2.3711373805999756
6323,353.3053283691406
1209,4.416026592254639
8768,-155.4154052734375
8036,26.82737922668457
7246,4.840623378753662
6801,135.89630126953125
5999,9.951471328735352
5776,82.53059387207031
5916,5.2347588539123535
1418,-95.0475082397461
57,3.6314845085144043
3880,8.744745254516602
3075,-2.494471788406372
1202,2.241888999938965
6136,162.67559814453125
2794,90.65858459472656
5819,3.432668924331665
3140,-0.22547930479049683
8230,2.7613251209259033
4491,19.64997673034668
8987,-17.95465850830078
4677,-27.16706085205078
1399,11.63178539276123
585,-17.329622268676758
8575,4.793837070465088
6024,-6.426684856414795
6906,11.113066673278809
7243,2.025763511657715
6775,9.045744895935059
7423,-0.8050400018692017
3930,-0.34284523129463196
2151,33.35246276855469
6545,-22.441795349121094
2540,15.279340744018555
8852,300.2935485839844
3285,2.898163080215454
8402,15.332740783691406
6365,28.569639205932617
3150,0.429158478975296
826,141.12554931640625
9879,104.64447784423828
7327,1.8335647583007812
2942,140.52569580078125
7383,-90.92131805419922
6971,30.51385498046875
1223,1.5448435544967651
9174,-12.131067276000977
4415,-70.30827331542969
3538,18.63172149658203
8802,5.934285640716553
6736,-1.770599603652954
449,0.06751307845115662
1463,84.29566192626953
3736,7.563812255859375
9440,35.510108947753906
3103,16.05643081665039
7261,26.95967674255371
5176,32.94588851928711
6798,8.129895210266113
7915,10.16648006439209
1286,0.06474635750055313
2268,63.41941452026367
7458,-4.12912654876709
7155,-241.82147216796875
1071,-2.91510009765625
7110,8.29974365234375
7534,0.34104323387145996
9842,133.631591796875
941,38.19051742553711
3082,-1.5971755981445312
2719,-6.63577127456665
7468,11.30698299407959
1107,-38.02433776855469
9140,-13.158415794372559
5456,76.83555603027344
596,-100.39125061035156
9726,-142.1122589111328
9080,42.01533126831055
949,2.689607858657837
1234,1.3768728971481323
6964,2.9859557151794434
5627,-70.308929443359375
1520,23.626842498779297
8914,21.73898696899414
1978,18.167604446411133
4766,13.199902534484863
7544,0.5545206665992737
4223,8.717647552490234
5013,20.10092544555664
3689,87.90262603759766
8681,0.5162749886512756
5022,60.056766510009766
2046,11.059663772583008
1489,5.433579444885254
6320,3.9993855953216553
6213,-29.388347625732422
6408,2.7400550842285156
1388,17.195192337036133
6835,69.8497314453125
5731,-579.0006103515625
9552,77.96266174316406
1669,26.73447036743164
4619,83.68883514404297
1456,54.470176696777344
4081,1.3053714036941528
8941,32.04079055786133
3141,3.3669936656951904
1645,5.290708541870117
7633,103.65113067626953
6413,-3.0003750324249268
854,-74.040130615234375
7504,24.520462036132812
9311,-5.1485066413879395
2820,-34.4675407409668
132,52.79085159301758
7472,8.519598007202148
2506,16.331541061401367
9445,2.4138076305389404
2901,3.2936055660247803
2662,7.191481113433838
6206,38.64862823486328
3073,-5.634576320648193
7069,10.371892929077148
7855,9.5400972366333
1678,30.815160751342773
2129,26.9304256439209
5476,1.3870807886123657
6038,18.599449157714844
1882,110.6616439819336
3467,7.445962905883789
5674,77.96576690673828
3389,2.7935519218444824
4065,-3.702906370162964
6394,-44.77933883666992
4773,6.186956882476807
7819,-6.4202094078063965
2828,150.76731872558594
9015,5.69377326965332
7729,19.336172103881836
1621,44.6346549987793
2997,100.99131774902344
6350,9.8981170654296875
7512,24.33498764038086
4810,14.435675621032715
6741,-5.395580768585205
6288,1.621209740638733
1779,2.4243037700653076
127,4.984985828399658
6330,0.3839578330516815
7863,7.754822254180908
1750,-6.047396659851074
4318,9.499133110046387
6941,10.043801307678223
497,-21.309551239013672
9717,4.009366989135742
9845,-18.937318801879883
56,18.123029708862305
3594,-3.2982728481292725
9866,-291.1682434082031
3974,0.410806804895401
8674,75.17146301269531
5782,12.616072654724121
8430,-3.250211477279663
9416,3.913665533065796
2700,2.1841952800750732
5762,20.433090209960938
6303,20.7282772064209
7251,1.8336821794509888
366,-40.31962966918945
6654,0.9631572365760803
6999,8.172076225280762
345,11.051423072814941
66,83.3026351928711
8178,112.93075561523438
3366,-52.05079650878906
8072,4.241781234741211
1485,9.13597583770752
1952,57.3509635925293
8167,5.133190631866455
3472,1.4124724864959717
9986,-1.2684966325759888
7814,9.1013336181640625
5840,5.556252479553223
5422,-2.6445915699005127
4784,-7.646483421325684
6629,14.024653434753418
6833,5.996962070465088
3983,-6.818080425262451
6417,17.3494930267334
3668,8.851919174194336
7037,3.752674102783203
9160,15.813297271728516
5722,101.13044738769531
632,18.93096160888672
6517,0.3264239430427551
9898,73.86390686035156
9495,-7.46476411819458
5918,12.565401077270508
5105,8.915216445922852
4653,8.063029289245605
3300,-5.316004276275635
6201,15.9248628616333
549,668.53472900390625
8551,-60.56492233276367
7948,-18.618417739868164
660,10.886969566345215
4853,2.0582425594329834
2538,-1.9603391885757446
4277,-7.78350830078125
7841,-41.69692611694336
8013,-29.760639190673828
7097,3.4558961391448975
190,45.04239273071289
3076,-4.937380790710449
9453,93.26192474365234
5585,8.141853332519531
9948,2.0275614261627197
3408,-4.13577938079834
7562,97.2660140991211
4406,24.25544548034668
800,1.1141211986541748
3410,-3.90683650970459
4980,-14.117209434509277
1343,3.0194313526153564
8164,1.5564746856689453
5702,10.157450675964355
6602,139.8408660888672
4413,29.77981185913086
8843,8.212786674499512
1585,2.9262537956237793
5837,-18.612506866455078
7839,116.4925765991211
1911,8.159880638122559
8475,-7.208960056304932
2516,3.766806125640869
1338,0.4988645911216736
4354,2.1068074703216553
6611,-6.319007873535156
5213,-5.40378999710083
3813,-457.5406494140625
8450,24.045495986938477
6597,2.99484920501709
2822,0.6245961785316467
8554,4.938616752624512
9874,5.588096618652344
7133,3.809522867202759
2330,-22.67621612548828
2139,-24.587434768676758
6806,12.168408393859863
1053,-99.37800598144531
5211,55.14043426513672
1672,7.020212173461914
5479,-17.52361297607422
5171,5.17525577545166
1062,28.726823806762695
4870,67.4322280883789
825,-30.955078125
5306,27.79469108581543
374,18.871536254882812
6788,-0.8326358199119568
9492,3.8189220428466797
5928,3.372687339782715
8688,171.83367919921875
4828,9.270517349243164
7516,27.964643478393555
4225,31.956377029418945
5236,91.45037841796875
2051,5.614426136016846
9723,9.713173866271973
35,7.466040134429932
9139,3.791653871536255
8930,11.915356636047363
7355,14.091212272644043
9201,2.571584701538086
1329,-630.36541748046875
9502,25.285825729370117
553,-1.7281602621078491
9895,-124.0044174194336
9180,0.7473915815353394
122,27.476163864135742
2377,-61.22224426269531
5835,-16.499242782592773
1278,3.0090837478637695
8553,34.11772537231445
7564,12.545595169067383
9323,-165.38754272460938
5005,3.8987247943878174
5866,120.86865234375
6082,-53.948978424072266
7183,-93.30158233642578
3773,5.63865327835083
7964,-58.137664794921875
7918,-4.276546955108643
8308,18.356552124023438
154,1.3332502841949463
228,58.420684814453125
5831,3.8000547885894775
1916,1.9975107908248901
2200,-42.258487701416016
2498,-84.67662811279297
5263,4.308764457702637
8027,-77.31805419921875
9765,1.7809325456619263
3552,41.62422561645508
6994,-11.468358039855957
136,17.213747024536133
7287,-220.15316772460938
2434,0.31352710723876953
6070,6.3183207511901855
928,6.47263765335083
44,4.587909698486328
9119,60.87759017944336
9178,-115.37044525146484
1907,2.8142783641815186
9677,35.8692512512207
2063,-7.620650768280029
514,1.070248007774353
458,-2.9393746852874756
6318,4.088562965393066
1579,13.74559211730957
3252,0.5588305592536926
7736,104.04434967041016
7051,-53.10405731201172
7045,80.30232238769531
9968,3.2463247776031494
6377,-5.5257039070129395
4964,3.0976710319519043
4948,-2.970653533935547
1658,33.58464431762695
8863,-80.15764617919922
3406,89.76895904541016
5445,-140.62033081054688
7103,732.92291259765625
5940,0.5968489646911621
5376,10.459291458129883
8003,-255.13243103027344
6645,4.767184257507324
5168,0.19172725081443787
7447,7.937083721160889
8352,3.079148530960083
5515,7.475759506225586
1964,25.91669464111328
510,3.529731035232544
3230,7.5765886306762695
5493,34.23681640625
6409,26.652149200439453
6679,2.820873498916626
4360,-117.91178131103516
4214,-19.59328842163086
9666,-1.488504409790039
633,3.678718090057373
4006,-132.95973205566406
9569,2.240452527999878
2503,-0.2278193235397339
2201,2.1494712829589844
5126,17.586353302001953
9646,-5.821439266204834
6047,3.708904266357422
1440,57.51726150512695
680,54.77731704711914
5478,9.216585159301758
9115,33.240013122558594
320,-3.210465669631958
347,31.251747131347656
2420,12.411835670471191
8368,469.0833740234375
9360,84.05445098876953
4829,3.2264904975891113
7611,6.262779712677002
8177,54.44020080566406
3435,-117.83394622802734
4598,0.719639241695404
4843,64.01475524902344
9753,-42.03184127807617
6943,11.422630310058594
1587,0.33488860726356506
3290,4.203054428100586
8966,-3.8317525386810303
1664,-13.010302543640137
6189,3.5757436752319336
1970,-65.70558166503906
4273,-72.17655944824219
7958,7.497186660766602
8889,-9.494895935058594
9841,129.0160675048828
1507,1.451496958732605
9649,2.521415948867798
721,-4.876679420471191
4430,12.309914588928223
6376,11.126208305358887
8358,4.008729457855225
1400,-15.270009994506836
1767,-0.5612807273864746
1771,-2.5508084297180176
7838,5.433579444885254
4177,29.53221893310547
6638,12.336402893066406
91,7.184238433837891
3333,-12.337904930114746
3393,-5.752111911773682
7035,8.757028579711914
6963,22.08112335205078
8350,-10.96119499206543
289,13.554176330566406
5969,6.935978412628174
628,-211.8987274169922
2019,-6.013123512268066
7752,-25.66764259338379
7368,0.12343849986791611
4995,55.19404983520508
4023,159.84007263183594
6012,-491.7752990722656
6181,15.469619750976562
715,-70.52486419677734
7335,-3.131159782409668
9612,-38.683692932128906
5016,44.933189392089844
3786,1346.8651123046875
8746,8.74359130859375
386,46.37917709350586
4297,78.750701904296875
2052,-21.39003562927246
8038,6.139904022216797
7075,58.68423080444336
3627,-144.36199951171875
8902,5.477121353149414
2227,9.789200782775879
4574,3.489640712738037
1092,106.23597717285156
4152,0.6396476030349731
6432,-49.859493255615234
5055,0.08030897378921509
109,37.00232696533203
516,9.600114822387695
7691,3.8765928745269775
2482,2.2700417041778564
7065,3.9380195140838623
8415,-51.600833892822266
4017,239.47801208496094
2246,2.522272825241089
6344,-4.697188854217529
9452,-11.602208137512207
5319,4.0464582443237305
8346,6.004018306732178
9358,4.281019687652588
9943,8.665061950683594
7150,-14.150094985961914
6762,8.229992866516113
7640,1.3873122930526733
7480,60.71889114379883
1488,-52.04080581665039
5294,4.096156597137451
1608,41.905845642089844
5699,-13.854618072509766
2885,8.476580619812012
3459,2.2276594638824463
6810,1.506646752357483
9202,7.950563907623291
3310,-1.9266705513000488
2392,-22.503705978393555
9876,-46.96267318725586
5558,47.61737060546875
3700,18.714370727539062
5568,37.2777214050293
3657,0.5032679438591003
7800,-2.9666566848754883
6618,-17.76346206665039
6988,19.310951232910156
3418,229.28823852539062
2452,-11.146642684936523
4531,10.90988540649414
4758,3.6164588928222656
9941,-8.150289535522461
6763,2.50044322013855
2824,28.543745040893555
3087,5.66094970703125
4374,6.15438985824585
3015,11.365055084228516
5391,5.391579627990723
7178,-234.75379943847656
3840,2.1003611087799072
7653,9.22910213470459
2037,0.5833004713058472
7989,4.752112865447998
9975,-55.15938186645508
7806,21.385038375854492
8834,27.55154037475586
8993,45.532493591308594
4264,4.552401542663574
3754,6.241083145141602
8999,100.90316772460938
6784,9.899202346801758
703,151.52586364746094
5644,7.6677398681640625
5671,22.28148078918457
775,4.997875213623047
7311,3.977771043777466
3237,10.343584060668945
7168,44.004817962646484
2815,8.611639976501465
8184,-1.8293496370315552
6165,4.3170013427734375
1464,15.971426010131836
405,212.6510772705078
7017,13.287006378173828
6841,7.323493480682373
6690,-186.55152893066406
791,1.8702313899993896
8423,2.225940227508545
2278,84.42858123779297
1259,-25.356616973876953
5818,7.323493480682373
1801,1.6275938749313354
5085,72.8186264038086
2387,-59.28813552856445
5608,0.1155395358800888
319,-45.89210891723633
3367,17.14288902282715
1309,1.635096549987793
3233,-42.556297302246094
7025,-2.424426555633545
4972,39.08744430541992
7722,8.7291898727417
8765,-3.666231870651245
7937,9.940099716186523
8542,-16.402721405029297
4187,-7.128353595733643
9923,-62.11687469482422
7001,10.217277526855469
6163,7.61306619644165
9645,81.8621597290039
2961,-46.71564865112305
6822,7.483348369598389
3272,10.548333168029785
6149,-36.749019622802734
5199,14.325705528259277
7153,28.809492111206055
2341,-4.401192665100098
8995,2.3044655323028564
6299,9.807705879211426
3909,-186.01712036132812
2624,-27.611778259277344
4198,15.075152397155762
13,3.1332578659057617
2651,14.641988754272461
796,0.5942198038101196
913,6.000202655792236
9252,5.728449821472168
1778,1.0052274465560913
8405,24.505138397216797
9470,16.573345184326172
5359,5.913211822509766
9889,-0.15282946825027466
740,10.624862670898438
5180,2.386974573135376
3465,7.793696403503418
3332,28.328947067260742
5083,23.378087997436523
8700,-2.5768237113952637
1045,-161.4900665283203
2453,-3.184206008911133
9036,3.1660282611846924
4515,-52.65058517456055
7342,3.5200884342193604
5439,5.493081569671631
8635,-64.40234375
4790,2.2322869300842285
8937,1.303146481513977
1896,4.779980659484863
2806,-6.425049304962158
6453,8.234489440917969
5847,9.430886268615723
3590,1.3073571920394897
5853,-0.1243460401892662
4786,-62.993499755859375
957,0.17923453450202942
3721,1.0898116827011108
6695,9.45228385925293
7771,3.1067469120025635
1926,11.702140808105469
2841,-62.52183151245117
4146,80.21826934814453
4732,84.05445098876953
8770,13.451780319213867
9805,16.44694709777832
3852,6.194429874420166
7519,-41.06216049194336
9910,3.8070225715637207
765,10.241435050964355
7170,6.094789028167725
7599,6.8730998039245605
9053,-142.05496215820312
8132,-5.589156150817871
1267,3.4300217628479004
8853,10.284453392028809
5059,2.573624610900879
3286,1.594403624534607
3649,-4.699046611785889
2607,21.159563064575195
4851,-3.2183005809783936
7872,2.7284963130950928
1085,52.1075439453125
4329,11.00679874420166
3412,-51.220726013183594
5398,6.532733917236328
5018,613.07611083984375
9471,-38.56513977050781
1141,42.79298400878906
9597,50.05445098876953
5007,-0.4357571601867676
5797,34.74550247192383
1124,-15.320761680603027
9714,66.83416748046875
5813,6.245336055755615
4883,26.169435501098633
7210,12.197657585144043
7657,10.560327529907227
6451,46.031166076660156
4500,4.808166027069092
5594,85.29473114013672
7162,2.92195200920105
8181,23.04035186767578
3714,8.541828155517578
8572,48.07670974731445
7745,19.759584426879883
4140,81.312744140625
1017,8.875842094421387
1732,-73.31722259521484
9729,157.4394989013672
5974,11.030383110046387
4730,5.842897415161133
7614,1.7688422203063965
9355,2.327716588973999
6804,-43.840694427490234
839,-18.122631072998047
8974,-9.95250415802002
7628,4.9819722175598145
260,83.621490478515625
6264,12.980680465698242
24,2.6015982627868652
9796,180.11166381835938
8331,9.167130470275879
3747,5.6339263916015625
8037,-27.402496337890625
3319,-6.070313930511475
3288,305.16497802734375
8294,5.702070236206055
479,9.831507682800293
8312,-886.997802734375
6681,4.93153190612793
4315,1.202168345451355
8665,-46.22431945800781
4076,-2.813267469406128
2206,149.24436950683594
1189,0.8516376614570618
6423,168.47996520996094
9931,-73.26172637939453
4644,47.00258255004883
1426,-24.48615837097168
924,2.724778890609741
1897,4.296389102935791
3446,16.234769821166992
4761,-247.97032165527344
6407,40.74259567260742
6800,6.781843185424805
511,48.921905517578125
9424,5.232240676879883
3404,7.796546459197998
5851,21.86398696899414
8169,4.6279449462890625
4093,27.854520797729492
1188,10.372942924499512
3729,22.725072860717773
5046,95.41876983642578
4901,12.225000381469727
6542,-2.4663140773773193
7924,4718.7373046875
5337,-5.3619279861450195
5053,2.220331907272339
3348,8.11426067352295
7122,15.483304023742676
5453,6.965914726257324
984,23.76221466064453
6148,193.5573272705078
1630,4.037441730499268
7646,5.008918285369873
6214,31.417882919311523
8259,-1493.5623779296875
9745,308.9327697753906
1270,32.821434020996094
3797,0.9763792753219604
6624,2.6968753337860107
5232,-12.113139152526855
8648,-55.133358001708984
7878,5.365284442901611
4837,-46.253292083740234
8108,-0.9413918852806091
170,36.1488037109375
9664,-8.947264671325684
5169,-8.983033180236816
2040,0.46639665961265564
880,120.94564056396484
7836,3.5679500102996826
6068,-84.7263412475586
8544,11.236889839172363
1253,17.26483726501465
3853,19.30779457092285
3902,9.350061416625977
9919,48.52617645263672
9626,6.909839630126953
5074,7.210411071777344
6663,70.00128936767578
3098,154.82879638671875
6939,0.9466993808746338
7033,-30.406518936157227
6160,3.3669936656951904
4446,274.8426208496094
6562,5.297837734222412
8780,2.447772264480591
899,13.594404220581055
8640,44.978031158447266
2812,0.9781131148338318
7130,5.723714828491211
4021,-106.31941986083984
2827,0.9993422627449036
6879,-29.619428634643555
9299,9.320486068725586
1899,5.672402381896973
3710,15.817153930664062
3827,-11.084288597106934
4913,1.6112627983093262
5269,8.534355163574219
4011,14.635187149047852
6142,67.185150146484375
9568,11.661886215209961
2249,5.39264440536499
2565,4.508306503295898
6105,-28.676406860351562
1875,-1.735395073890686
2113,14.214494705200195
2634,14.143412590026855
5187,21.92170524597168
6150,14.232782363891602
9215,1.4301222562789917
3767,6.589075565338135
4305,-24.81011962890625
7401,-483.6789855957031
3808,-19.08005714416504
5900,-4.310829162597656
9173,-18.83507537841797
2683,11.945884704589844
5262,-87.60222625732422
8708,3.3979668617248535
6927,15.032645225524902
6844,4.675968647003174
6555,3.4034817218780518
8767,34.34556198120117
4985,9.444977760314941
7788,-20.622886657714844
8201,5.687135696411133
6549,-7.023739337921143
9911,3.251094102859497
1268,42.204559326171875
500,0.9244408011436462
728,5.849376678466797
1998,17.090547561645508
767,-15.72724437713623
3676,11.45296573638916
6287,2.992050886154175
7306,10.68586540222168
2263,132.9499969482422
1421,-4.099009037017822
2595,2.2806196212768555
4729,3.8122873306274414
4298,96.08332824707031
5579,20.682575225830078
2062,-13.669089317321777
3269,5.406752109527588
4398,-4.054778099060059
1690,9.235213279724121
9965,2.6200649738311768
8840,-5.862208366394043
7080,13.092626571655273
1241,-17.737911224365234
7009,1.090320348739624
9069,29.686534881591797
1393,5.253568172454834
8442,-22.08134651184082
3186,-198.24900817871094
8580,3.302157163619995
4386,1.440403938293457
1180,4.296504020690918
5632,77.0035171508789
692,8.768579483032227
8764,4.706117153167725
3235,3.7393243312835693
3744,-30.27994728088379
834,10.847003936767578
80,-19.641210556030273
9339,-2.4033639430999756
3588,41.390926361083984
3733,50.10321807861328
5923,-8.061293601989746
6240,1.2969292402267456
1973,-22.136653900146484
3096,6.305772304534912
9703,68.81758880615234
7613,50.956756591796875
7131,1.4446467161178589
8754,9.273655891418457
9563,8.856000900268555
727,1.8826618194580078
2656,6.731948375701904
5742,1.1092286109924316
744,1.2088464498519897
4303,20.55625343322754
7453,-0.4397704005241394
4605,1.328984022140503
5948,10.395713806152344
5934,12.468997955322266
4611,51.39439392089844
7067,0.9827898740768433
372,6.583407402038574
8482,38.269107818603516
8891,12.524961471557617
8058,9.75391674041748
5678,4.517885208129883
2170,5.917765140533447
2676,9.236577033996582
5945,7.481276035308838
3039,-31.748275756835938
444,-10.000001907348633
2152,28.626304626464844
6647,2.8967158794403076
1319,181.47793579101562
5967,-23.639257431030273
2766,1.633351445198059
2016,2.933861494064331
3792,-2.349714517593384
7725,7.943600654602051
8066,292.3085021972656
4750,7.246607303619385
2191,18.221588134765625
3990,-16.666828155517578
3479,13.482831954956055
9686,14.472710609436035
6993,28.74913787841797
5429,6.5974016189575195
7704,21.274267196655273
363,9.488204002380371
1933,7.90847635269165
3521,-16.425804138183594
9827,22.38826560974121
7387,5.02223014831543
2322,15.863444328308105
3706,23.78407096862793
5475,11.995933532714844
9137,3.969465494155884
1240,1.3893179893493652
4050,22.68729019165039
7638,8.73366641998291
7367,5.045165061950684
424,0.9255505800247192
4232,19.246389389038086
7184,3.804901123046875
3464,18.221328735351562
3525,9.001115798950195
4746,12.390868186950684
26,7.521562099456787
4767,-36.2186279296875
1483,23.042503356933594
1193,1.3700202703475952
3296,24.755407333374023
5833,7.202164173126221
262,46.729488372802734
6361,6.201579570770264
118,179.41046142578125
979,-121.37931060791016
1939,10.970637321472168
7510,-5.053915500640869
4655,4.183927059173584
5651,9.024791717529297
2130,-108.10816192626953
6852,-7.623887538909912
4647,3.8463923931121826
3879,12.468997955322266
3620,-4.360869884490967
9681,13.502829551696777
677,8.427543640136719
9218,95.32331085205078
6892,14.586429595947266
2172,-25.604724884033203
9641,1.504975438117981
8525,4.445706367492676
5014,9.27939510345459
6277,0.6609957814216614
4330,-1.5257173776626587
9112,7.600174427032471
7662,4.3509697914123535
148,19.826618194580078
809,8.961397171020508
5246,1.7898067235946655
1014,88.66178131103516
6056,70.82474517822266
5307,119.11974334716797
2147,-20.09744644165039
7493,-38.87703323364258
4952,23.783580780029297
1444,8.985058784484863
3134,8.803046226501465
7255,-2.6777966022491455
2274,-3.070385217666626
5856,5.51134729385376
6328,7.303583145141602
7708,62.7650146484375
4383,217.50498962402344
4238,5.3276262283325195
7143,2.398364782333374
901,3.638510227203369
8260,-115.81981658935547
9920,30.875446319580078
9068,132.57281494140625
6838,-41.815120697021484
6849,-29.388347625732422
6748,-3.5191824436187744
2422,-3.73588228225708
2293,122.32408142089844
6347,9.919455528259277
4879,17.405719757080078
566,6.52804708480835
7812,74.92208099365234
5971,8.382519721984863
7340,21.15286636352539
8546,31.25226593017578
406,3.3538928031921387
7055,2.7211976051330566
8909,1.8592263460159302
1752,627.48114013671875
4710,-54.40779495239258
9497,8.969892501831055
5115,2.626239538192749
9736,15.500554084777832
6674,-235.67784118652344
3810,5.023070335388184
5012,2.3472788333892822
572,-309.66156005859375
274,1.5269213914871216
6734,0.24155373871326447
3143,1.4568556547164917
9003,27.76451873779297
593,0.014567370526492596
8693,-195.09678649902344
8220,13.079743385314941
6046,54.021568298339844
6305,-125.97565460205078
3725,-145.50111389160156
6346,-20.04957389831543
3901,10.603352546691895
7300,5.7606987953186035
6442,4.974719047546387
2243,-16.637163162231445
9217,-3.053494930267334
5548,250.4711456298828
7374,27.75901985168457
7591,4.546309471130371
2702,14.042845726013184
7275,0.767158031463623
1366,-3.2873265743255615
8001,32.04822540283203
5030,29.2750244140625
6921,15.41693115234375
5919,0.8592960238456726
6632,-115.35685729980469
63,11.495919227600098
831,0.7915557622909546
1883,25.06580924987793
9375,69.94754791259766
5972,527.76824951171875
1094,151.37094116210938
7479,-117.14631652832031
1357,16.186559677124023
1599,2.669725179672241
6335,5.016417503356934
5850,69.91312408447266
2636,-59.854461669921875
2023,-2.4357590675354004
5606,41.231178283691406
9773,6.002011775970459
1826,-5.428956031799316
4504,-111.4552230834961
664,2.6523118019104004
909,37.10551834106445
194,3.295302391052246
7556,4.179356098175049
1179,-16.636999130249023
6537,-3.8075740337371826
9719,6.209885597229004
8922,-201.89404296875
5117,43.07749938964844
5354,4.283273696899414
7281,123.32474517822266
9735,3.182643413543701
4654,6.7896881103515625
8861,4.165561199188232
1534,-2.9867146015167236
3159,15.134856224060059
4126,-0.10464075207710266
2380,-10.66756534576416
7514,4.825362205505371
457,0.4353695213794708
2969,81.96551513671875
674,135.82408142089844
8786,27.81479835510254
1995,28.251968383789062
2003,-190.322998046875
2415,19.5456600189209
7181,3.826467514038086
9484,-20.90543556213379
308,-9.922795295715332
8307,-8.167767524719238
9621,-108.13539123535156
504,12.351299285888672
3931,12.05124282836914
8644,2.7138779163360596
5958,-615.6259765625
4747,-10.710265159606934
2920,11.213250160217285
9667,7.7943291664123535
4378,2.7622365951538086
6049,99.66742706298828
6536,205.5780029296875
3504,3.3377482891082764
977,-7.262851238250732
6338,92.33995819091797
4739,-145.3331756591797
5201,-388.201416015625
8952,-57.50366973876953
5689,7.496958255767822
7902,-182.8260498046875
1351,0.16524390876293182
7588,3.8388519287109375
3938,-130.3177947998047
1126,9.587154388427734
3448,2.884695291519165
3745,2.938727855682373
2221,-10.636614799499512
8287,-15.722827911376953
5242,2.8425586223602295
720,46.23569869995117
4713,1.8149588108062744
3277,71.156219482421875
2635,5.184780597686768
7403,3.752851963043213
3677,7.440566062927246
7392,208.7881622314453
7811,9.402437210083008
4942,1.2944371700286865
1683,-7.48579216003418
609,1.7206708192825317
1565,-14.27546215057373
1727,235.63067626953125
8113,52.022212982177734
7941,-69.8814468383789
8221,2.4702513217926025
9411,16.695127487182617
210,-6.480905532836914
3402,7.082510948181152
3421,-113.94336700439453
4645,87.03838348388672
7773,-3.7551674842834473
1887,2.257859945297241
9955,4.4504289627075195
9052,29.356273651123047
7459,-371.9170227050781
6976,354.1035461425781
8654,31.335838317871094
1574,3.889435052871704
7006,-209.81227111816406
9993,3.832695722579956
3390,-31.89799690246582
9498,29.282386779785156
4570,0.3878752589225769
2149,171.71780395507812
2077,-24.15477180480957
9352,36.00102233886719
5312,79.09980010986328
1473,21.095653533935547
8116,-36.8399658203125
6723,124.87216186523438
6359,94.679718017578125
9732,104.20297241210938
7716,16.187686920166016
580,143.73440551757812
9114,46.91432571411133
2197,2.7647223472595215
2525,-223.80743408203125
10,-7.147853374481201
7535,10.205924987792969
771,1.6317497491836548
9284,-4.0727081298828125
3704,15.557561874389648
2844,45.60718536376953
468,-6.4231791496276855
440,418.3906555175781
3760,-35.13020324707031
9219,-10.033401489257812
2868,-7.996278762817383
7783,-55.435394287109375
1830,38.47406005859375
14,295.8011474609375
7214,4.29267692565918
1308,1.7987785339355469
5177,-3.9924776554107666
2226,-2.997512102127075
9609,16.916683197021484
3043,4.713301181793213
9940,12.066286087036133
8835,8.659022331237793
3245,32.40821838378906
6230,40.53676223754883
1753,-5.316004276275635
2102,41.898040771484375
5304,0.6253635883331299
6486,-70.68444061279297
354,20.995983123779297
1787,5.0735063552856445
6487,20.341205596923828
5465,3.577915668487549
7695,9.518678665161133
6950,21.417373657226562
5514,-56.10162353515625
8817,-26.531524658203125
4706,-75.85918426513672
